{
  "mean": [
    55.23759841918945,
    40.65679931640625,
    33.847999572753906
  ],
  "std": [
    21.32024383544922,
    16.685998916625977,
    14.961362838745117
  ]
}